{
  "single": {
    "set_ops_sec_median": 34595.297920036544,
    "set_ops_sec_runs": [
      34905.150474472066,
      34595.297920036544,
      34262.50170216469
    ],
    "get_ops_sec_median": 45239.22496027077,
    "get_ops_sec_runs": [
      45239.22496027077,
      44844.47861648625,
      45845.75406421031
    ],
    "ping_latency_ms": {
      "p50_ms": 0.019209,
      "p95_ms": 0.022,
      "p99_ms": 0.028292,
      "avg_ms": 0.01956769
    }
  },
  "concurrent": {
    "clients": 16,
    "set_ops_sec_median": 42536.261081481665,
    "set_ops_sec_runs": [
      43034.27151901333,
      42536.261081481665,
      41508.55073850951
    ],
    "get_ops_sec_median": 43315.18060371619,
    "get_ops_sec_runs": [
      42204.8677893468,
      43315.18060371619,
      43898.43023755951
    ]
  }
}