{
  "single": {
    "set_ops_sec_median": 35618.26646844676,
    "set_ops_sec_runs": [
      35770.90618706511,
      35618.26646844676,
      35380.574012997706
    ],
    "get_ops_sec_median": 47897.09460571802,
    "get_ops_sec_runs": [
      48287.70642649796,
      47897.09460571802,
      47623.83536109621
    ],
    "ping_latency_ms": {
      "p50_ms": 0.020042,
      "p95_ms": 0.022584,
      "p99_ms": 0.027417,
      "avg_ms": 0.020136265
    }
  },
  "concurrent": {
    "clients": 16,
    "set_ops_sec_median": 39381.793013833274,
    "set_ops_sec_runs": [
      39381.793013833274,
      38872.2949975228,
      39397.45943953013
    ],
    "get_ops_sec_median": 42274.716405505686,
    "get_ops_sec_runs": [
      42641.205096180485,
      42274.716405505686,
      42138.36675491018
    ]
  }
}